,Filename,Ratings
0,CF680.jpg,4
1,CF681.jpg,4
2,CF85.jpg,3
3,CF84.jpg,3
4,CF120.jpg,3
5,CF346.jpg,3
6,CF347.jpg,4
7,CF121.jpg,1
8,CF17.jpg,4
9,CF16.jpg,4
10,CF612.jpg,5
11,CF474.jpg,3
12,CF475.jpg,4
13,CF613.jpg,5
14,CF535.jpg,3
15,CF534.jpg,3
16,CF207.jpg,2
17,CF206.jpg,2
18,CF295.jpg,4
19,CF294.jpg,3
20,CF169.jpg,2
21,CF168.jpg,3
22,CF724.jpg,4
23,CF542.jpg,3
24,CF543.jpg,3
25,CF725.jpg,5
26,CF270.jpg,4
27,CF271.jpg,3
28,CF29.jpg,3
29,CF28.jpg,4
30,CF378.jpg,2
31,CF379.jpg,5
32,CF239.jpg,3
33,CF238.jpg,3
34,CF491.jpg,3
35,CF490.jpg,3
36,CF331.jpg,1
37,CF157.jpg,3
38,CF156.jpg,3
39,CF330.jpg,3
40,CF60.jpg,3
41,CF599.jpg,5
42,CF61.jpg,4
43,CF598.jpg,5
44,CF403.jpg,3
45,CF665.jpg,4
46,CF664.jpg,4
47,CF402.jpg,3
48,CF54.jpg,3
49,CF55.jpg,4
50,CF305.jpg,3
51,CF163.jpg,3
52,CF162.jpg,2
53,CF304.jpg,3
54,CF437.jpg,3
55,CF651.jpg,4
56,CF650.jpg,4
57,CF436.jpg,3
58,CF397.jpg,2
59,CF396.jpg,3
60,CF618.jpg,5
61,CF619.jpg,5
62,CF710.jpg,4
63,CF576.jpg,5
64,CF577.jpg,5
65,CF244.jpg,3
66,CF245.jpg,1
67,CF409.jpg,4
68,CF408.jpg,4
69,CF593.jpg,4
70,CF592.jpg,4
71,CF501.jpg,3
72,CF500.jpg,3
73,CF233.jpg,3
74,CF232.jpg,4
75,CF23.jpg,4
76,CF22.jpg,4
77,CF114.jpg,2
78,CF372.jpg,3
79,CF373.jpg,1
80,CF115.jpg,3
81,CF626.jpg,3
82,CF440.jpg,4
83,CF441.jpg,4
84,CF627.jpg,5
85,CF549.jpg,5
86,CF186.jpg,3
87,CF187.jpg,3
88,CF282.jpg,4
89,CF283.jpg,3
90,CF318.jpg,3
91,CF319.jpg,2
92,CF49.jpg,5
93,CF48.jpg,3
94,CF522.jpg,3
95,CF744.jpg,4
96,CF745.jpg,4
97,CF523.jpg,2
98,CF210.jpg,3
99,CF211.jpg,2
100,CF137.jpg,4
101,CF350.jpg,2
102,CF136.jpg,3
103,CF605.jpg,5
104,CF463.jpg,3
105,CF462.jpg,3
106,CF604.jpg,3
107,CF697.jpg,4
108,CF696.jpg,3
109,CF259.jpg,3
110,CF258.jpg,3
111,CF92.jpg,3
112,CF93.jpg,4
113,CF77.jpg,3
114,CF76.jpg,2
115,CF326.jpg,3
116,CF140.jpg,3
117,CF141.jpg,3
118,CF327.jpg,3
119,CF414.jpg,3
120,CF672.jpg,4
121,CF673.jpg,5
122,CF415.jpg,3
123,CF486.jpg,3
124,CF487.jpg,2
125,CF109.jpg,2
126,CF108.jpg,2
127,CF733.jpg,3
128,CF555.jpg,5
129,CF554.jpg,4
130,CF732.jpg,4
131,CF267.jpg,3
132,CF266.jpg,3
133,CF707.jpg,5
134,CF561.jpg,5
135,CF98.jpg,2
136,CF560.jpg,4
137,CF706.jpg,5
138,CF99.jpg,5
139,CF253.jpg,3
140,CF252.jpg,3
141,CF469.jpg,2
142,CF468.jpg,3
143,CF380.jpg,3
144,CF381.jpg,3
145,CF4.jpg,5
146,CF528.jpg,3
147,CF5.jpg,5
148,CF529.jpg,3
149,CF312.jpg,3
150,CF174.jpg,3
151,CF175.jpg,3
152,CF313.jpg,2
153,CF43.jpg,2
154,CF42.jpg,4
155,CF288.jpg,3
156,CF289.jpg,3
157,CF420.jpg,3
158,CF646.jpg,5
159,CF647.jpg,5
160,CF421.jpg,4
161,CF191.jpg,3
162,CF190.jpg,3
163,CF739.jpg,5
164,CF738.jpg,5
165,CF103.jpg,3
166,CF365.jpg,3
167,CF364.jpg,3
168,CF102.jpg,5
169,CF34.jpg,5
170,CF35.jpg,3
171,CF631.jpg,4
172,CF457.jpg,3
173,CF456.jpg,3
174,CF630.jpg,5
175,CF516.jpg,3
176,CF517.jpg,3
177,CF224.jpg,3
178,CF225.jpg,4
179,CF678.jpg,4
180,CF679.jpg,5
181,CF584.jpg,5
182,CF585.jpg,3
183,CF743.jpg,3
184,CF9.jpg,4
185,CF525.jpg,2
186,CF8.jpg,5
187,CF524.jpg,2
188,CF742.jpg,5
189,CF217.jpg,4
190,CF216.jpg,3
191,CF285.jpg,3
192,CF284.jpg,4
193,CF179.jpg,3
194,CF178.jpg,2
195,CF690.jpg,5
196,CF691.jpg,3
197,CF95.jpg,2
198,CF94.jpg,1
199,CF356.jpg,3
200,CF130.jpg,3
201,CF131.jpg,4
202,CF357.jpg,3
203,CF464.jpg,3
204,CF602.jpg,5
205,CF603.jpg,5
206,CF465.jpg,3
207,CF481.jpg,3
208,CF480.jpg,4
209,CF229.jpg,3
210,CF228.jpg,3
211,CF70.jpg,3
212,CF589.jpg,5
213,CF71.jpg,3
214,CF588.jpg,3
215,CF147.jpg,3
216,CF321.jpg,2
217,CF320.jpg,3
218,CF146.jpg,3
219,CF675.jpg,4
220,CF413.jpg,3
221,CF412.jpg,3
222,CF674.jpg,5
223,CF552.jpg,4
224,CF734.jpg,4
225,CF735.jpg,5
226,CF553.jpg,5
227,CF260.jpg,3
228,CF261.jpg,3
229,CF368.jpg,3
230,CF369.jpg,3
231,CF39.jpg,3
232,CF38.jpg,4
233,CF608.jpg,2
234,CF609.jpg,5
235,CF566.jpg,5
236,CF700.jpg,4
237,CF701.jpg,4
238,CF567.jpg,5
239,CF254.jpg,3
240,CF255.jpg,3
241,CF173.jpg,3
242,CF315.jpg,4
243,CF314.jpg,3
244,CF172.jpg,3
245,CF44.jpg,2
246,CF45.jpg,3
247,CF641.jpg,5
248,CF426.jpg,3
249,CF640.jpg,5
250,CF387.jpg,3
251,CF386.jpg,4
252,CF749.jpg,4
253,CF3.jpg,5
254,CF2.jpg,4
255,CF748.jpg,4
256,CF362.jpg,4
257,CF104.jpg,2
258,CF105.jpg,3
259,CF363.jpg,3
260,CF33.jpg,3
261,CF32.jpg,3
262,CF450.jpg,3
263,CF636.jpg,5
264,CF637.jpg,4
265,CF451.jpg,3
266,CF196.jpg,3
267,CF197.jpg,3
268,CF558.jpg,4
269,CF559.jpg,4
270,CF419.jpg,3
271,CF418.jpg,3
272,CF583.jpg,5
273,CF582.jpg,4
274,CF511.jpg,2
275,CF510.jpg,4
276,CF222.jpg,2
277,CF341.jpg,3
278,CF127.jpg,3
279,CF126.jpg,3
280,CF340.jpg,3
281,CF10.jpg,3
282,CF11.jpg,5
283,CF473.jpg,3
284,CF615.jpg,4
285,CF614.jpg,4
286,CF472.jpg,3
287,CF249.jpg,3
288,CF248.jpg,3
289,CF687.jpg,4
290,CF686.jpg,5
291,CF82.jpg,3
292,CF83.jpg,2
293,CF292.jpg,3
294,CF293.jpg,3
295,CF59.jpg,3
296,CF58.jpg,2
297,CF308.jpg,3
298,CF309.jpg,5
299,CF532.jpg,3
300,CF533.jpg,3
301,CF200.jpg,3
302,CF201.jpg,3
303,CF119.jpg,2
304,CF118.jpg,2
305,CF545.jpg,5
306,CF723.jpg,3
307,CF722.jpg,3
308,CF544.jpg,5
309,CF277.jpg,2
310,CF276.jpg,2
311,CF150.jpg,4
312,CF336.jpg,3
313,CF337.jpg,2
314,CF151.jpg,2
315,CF67.jpg,3
316,CF66.jpg,3
317,CF662.jpg,4
318,CF404.jpg,1
319,CF405.jpg,4
320,CF663.jpg,5
321,CF496.jpg,2
322,CF497.jpg,3
323,CF538.jpg,2
324,CF539.jpg,3
325,CF390.jpg,3
326,CF391.jpg,3
327,CF53.jpg,1
328,CF52.jpg,3
329,CF164.jpg,2
330,CF302.jpg,3
331,CF303.jpg,3
332,CF165.jpg,2
333,CF656.jpg,4
334,CF430.jpg,2
335,CF431.jpg,3
336,CF657.jpg,4
337,CF298.jpg,3
338,CF299.jpg,4
339,CF571.jpg,4
340,CF717.jpg,4
341,CF88.jpg,3
342,CF716.jpg,4
343,CF570.jpg,3
344,CF89.jpg,5
345,CF243.jpg,4
346,CF242.jpg,5
347,CF479.jpg,3
348,CF478.jpg,2
349,CF506.jpg,4
350,CF507.jpg,3
351,CF234.jpg,2
352,CF235.jpg,3
353,CF668.jpg,5
354,CF669.jpg,5
355,CF594.jpg,3
356,CF595.jpg,5
357,CF729.jpg,4
358,CF728.jpg,5
359,CF181.jpg,3
360,CF180.jpg,4
361,CF24.jpg,5
362,CF25.jpg,5
363,CF113.jpg,4
364,CF112.jpg,3
365,CF374.jpg,4
366,CF447.jpg,3
367,CF621.jpg,4
368,CF620.jpg,4
369,CF446.jpg,3
370,CF250.jpg,3
371,CF251.jpg,2
372,CF704.jpg,5
373,CF562.jpg,4
374,CF563.jpg,5
375,CF705.jpg,5
376,CF358.jpg,3
377,CF359.jpg,3
378,CF383.jpg,3
379,CF382.jpg,2
380,CF7.jpg,5
381,CF6.jpg,5
382,CF219.jpg,2
383,CF218.jpg,3
384,CF423.jpg,4
385,CF645.jpg,5
386,CF644.jpg,4
387,CF422.jpg,2
388,CF311.jpg,3
389,CF177.jpg,3
390,CF176.jpg,3
391,CF310.jpg,2
392,CF40.jpg,4
393,CF41.jpg,3
394,CF192.jpg,3
395,CF193.jpg,4
396,CF632.jpg,4
397,CF454.jpg,2
398,CF455.jpg,5
399,CF633.jpg,5
400,CF100.jpg,3
401,CF366.jpg,3
402,CF367.jpg,4
403,CF101.jpg,3
404,CF37.jpg,2
405,CF36.jpg,3
406,CF227.jpg,3
407,CF226.jpg,3
408,CF515.jpg,2
409,CF514.jpg,3
410,CF587.jpg,4
411,CF586.jpg,5
412,CF149.jpg,4
413,CF148.jpg,3
414,CF281.jpg,2
415,CF280.jpg,2
416,CF429.jpg,3
417,CF428.jpg,3
418,CF213.jpg,3
419,CF212.jpg,2
420,CF389.jpg,2
421,CF388.jpg,3
422,CF521.jpg,2
423,CF747.jpg,4
424,CF746.jpg,3
425,CF520.jpg,4
426,CF606.jpg,4
427,CF460.jpg,3
428,CF461.jpg,3
429,CF607.jpg,4
430,CF134.jpg,3
431,CF352.jpg,2
432,CF353.jpg,3
433,CF135.jpg,3
434,CF91.jpg,1
435,CF568.jpg,5
436,CF90.jpg,4
437,CF569.jpg,5
438,CF694.jpg,4
439,CF695.jpg,4
440,CF417.jpg,3
441,CF671.jpg,4
442,CF670.jpg,5
443,CF416.jpg,3
444,CF74.jpg,2
445,CF75.jpg,3
446,CF325.jpg,3
447,CF143.jpg,4
448,CF142.jpg,1
449,CF324.jpg,3
450,CF485.jpg,3
451,CF484.jpg,3
452,CF638.jpg,5
453,CF639.jpg,5
454,CF264.jpg,3
455,CF265.jpg,2
456,CF198.jpg,2
457,CF199.jpg,2
458,CF730.jpg,5
459,CF556.jpg,5
460,CF557.jpg,4
461,CF731.jpg,4
462,CF434.jpg,3
463,CF652.jpg,5
464,CF653.jpg,5
465,CF435.jpg,4
466,CF57.jpg,3
467,CF56.jpg,3
468,CF306.jpg,3
469,CF160.jpg,2
470,CF161.jpg,3
471,CF307.jpg,3
472,CF394.jpg,3
473,CF395.jpg,3
474,CF129.jpg,1
475,CF128.jpg,3
476,CF247.jpg,3
477,CF246.jpg,3
478,CF689.jpg,5
479,CF688.jpg,4
480,CF713.jpg,4
481,CF575.jpg,4
482,CF574.jpg,5
483,CF712.jpg,4
484,CF338.jpg,3
485,CF339.jpg,3
486,CF590.jpg,4
487,CF69.jpg,3
488,CF591.jpg,4
489,CF68.jpg,4
490,CF230.jpg,3
491,CF231.jpg,3
492,CF498.jpg,3
493,CF499.jpg,3
494,CF502.jpg,3
495,CF503.jpg,3
496,CF625.jpg,4
497,CF443.jpg,2
498,CF442.jpg,3
499,CF624.jpg,3
500,CF20.jpg,4
501,CF21.jpg,4
502,CF117.jpg,2
503,CF371.jpg,3
504,CF370.jpg,3
505,CF116.jpg,3
506,CF185.jpg,4
507,CF184.jpg,3
508,CF279.jpg,4
509,CF278.jpg,3
510,CF86.jpg,3
511,CF719.jpg,5
512,CF87.jpg,2
513,CF718.jpg,4
514,CF683.jpg,5
515,CF682.jpg,4
516,CF611.jpg,5
517,CF477.jpg,2
518,CF476.jpg,3
519,CF610.jpg,5
520,CF123.jpg,3
521,CF345.jpg,1
522,CF344.jpg,4
523,CF122.jpg,4
524,CF14.jpg,5
525,CF204.jpg,4
526,CF205.jpg,3
527,CF536.jpg,4
528,CF750.jpg,4
529,CF537.jpg,3
530,CF658.jpg,5
531,CF659.jpg,5
532,CF296.jpg,2
533,CF297.jpg,2
534,CF273.jpg,3
535,CF272.jpg,3
536,CF727.jpg,5
537,CF541.jpg,4
538,CF540.jpg,3
539,CF449.jpg,3
540,CF448.jpg,3
541,CF508.jpg,3
542,CF509.jpg,3
543,CF492.jpg,2
544,CF493.jpg,3
545,CF400.jpg,3
546,CF666.jpg,4
547,CF667.jpg,4
548,CF401.jpg,3
549,CF332.jpg,3
550,CF154.jpg,3
551,CF155.jpg,2
552,CF333.jpg,3
553,CF63.jpg,2
554,CF62.jpg,3
555,CF393.jpg,3
556,CF392.jpg,4
557,CF209.jpg,3
558,CF208.jpg,3
559,CF655.jpg,4
560,CF433.jpg,2
561,CF432.jpg,3
562,CF654.jpg,4
563,CF50.jpg,5
564,CF51.jpg,3
565,CF167.jpg,4
566,CF301.jpg,4
567,CF300.jpg,2
568,CF166.jpg,3
569,CF240.jpg,4
570,CF241.jpg,3
571,CF572.jpg,4
572,CF714.jpg,4
573,CF715.jpg,5
574,CF573.jpg,5
575,CF348.jpg,2
576,CF349.jpg,4
577,CF19.jpg,4
578,CF18.jpg,5
579,CF237.jpg,3
580,CF236.jpg,2
581,CF505.jpg,3
582,CF504.jpg,3
583,CF159.jpg,3
584,CF158.jpg,3
585,CF597.jpg,5
586,CF596.jpg,5
587,CF182.jpg,2
588,CF183.jpg,3
589,CF444.jpg,2
590,CF622.jpg,4
591,CF623.jpg,4
592,CF445.jpg,3
593,CF27.jpg,5
594,CF26.jpg,4
595,CF376.jpg,3
596,CF110.jpg,3
597,CF111.jpg,3
598,CF377.jpg,4
599,CF470.jpg,3
600,CF616.jpg,5
601,CF617.jpg,4
602,CF471.jpg,3
603,CF342.jpg,3
604,CF124.jpg,3
605,CF125.jpg,3
606,CF343.jpg,3
607,CF13.jpg,5
608,CF12.jpg,5
609,CF81.jpg,3
610,CF578.jpg,4
611,CF80.jpg,3
612,CF579.jpg,4
613,CF684.jpg,4
614,CF685.jpg,4
615,CF439.jpg,4
616,CF438.jpg,3
617,CF291.jpg,4
618,CF290.jpg,4
619,CF203.jpg,2
620,CF202.jpg,2
621,CF531.jpg,3
622,CF530.jpg,3
623,CF399.jpg,3
624,CF398.jpg,3
625,CF628.jpg,5
626,CF629.jpg,4
627,CF274.jpg,3
628,CF275.jpg,3
629,CF546.jpg,5
630,CF720.jpg,3
631,CF721.jpg,4
632,CF547.jpg,4
633,CF188.jpg,4
634,CF189.jpg,2
635,CF661.jpg,5
636,CF407.jpg,3
637,CF406.jpg,3
638,CF660.jpg,4
639,CF153.jpg,4
640,CF335.jpg,3
641,CF334.jpg,2
642,CF152.jpg,2
643,CF64.jpg,3
644,CF65.jpg,1
645,CF495.jpg,3
646,CF494.jpg,3
647,CF139.jpg,3
648,CF138.jpg,3
649,CF699.jpg,4
650,CF698.jpg,4
651,CF257.jpg,3
652,CF256.jpg,3
653,CF565.jpg,5
654,CF703.jpg,5
655,CF702.jpg,5
656,CF564.jpg,5
657,CF642.jpg,4
658,CF424.jpg,4
659,CF425.jpg,3
660,CF643.jpg,3
661,CF170.jpg,2
662,CF316.jpg,3
663,CF317.jpg,3
664,CF171.jpg,3
665,CF47.jpg,3
666,CF46.jpg,2
667,CF384.jpg,3
668,CF385.jpg,4
669,CF1.jpg,5
670,CF453.jpg,3
671,CF635.jpg,4
672,CF634.jpg,5
673,CF452.jpg,3
674,CF361.jpg,3
675,CF107.jpg,5
676,CF106.jpg,3
677,CF360.jpg,2
678,CF30.jpg,4
679,CF31.jpg,3
680,CF195.jpg,3
681,CF194.jpg,3
682,CF269.jpg,4
683,CF268.jpg,3
684,CF580.jpg,4
685,CF79.jpg,3
686,CF581.jpg,5
687,CF78.jpg,3
688,CF328.jpg,3
689,CF329.jpg,3
690,CF488.jpg,3
691,CF489.jpg,3
692,CF220.jpg,3
693,CF221.jpg,3
694,CF512.jpg,4
695,CF513.jpg,3
696,CF214.jpg,2
697,CF215.jpg,4
698,CF740.jpg,5
699,CF526.jpg,3
700,CF527.jpg,3
701,CF741.jpg,4
702,CF286.jpg,3
703,CF287.jpg,2
704,CF648.jpg,5
705,CF649.jpg,5
706,CF96.jpg,3
707,CF709.jpg,4
708,CF97.jpg,3
709,CF708.jpg,5
710,CF693.jpg,5
711,CF692.jpg,5
712,CF467.jpg,3
713,CF601.jpg,4
714,CF600.jpg,5
715,CF355.jpg,3
716,CF133.jpg,3
717,CF132.jpg,3
718,CF354.jpg,2
719,CF518.jpg,3
720,CF519.jpg,3
721,CF482.jpg,3
722,CF483.jpg,5
723,CF676.jpg,4
724,CF410.jpg,3
725,CF411.jpg,3
726,CF677.jpg,4
727,CF73.jpg,3
728,CF72.jpg,3
729,CF144.jpg,4
730,CF322.jpg,3
731,CF323.jpg,3
732,CF145.jpg,2
733,CF263.jpg,2
734,CF262.jpg,4
735,CF551.jpg,5
736,CF737.jpg,4
737,CF736.jpg,5
738,CF550.jpg,4
739,CF459.jpg,3
740,CF458.jpg,3
